Epoch,gpu_mem,box,obj,cls,total,targets,img_size,precision,recall,mAP@.5,mAP@.5:.95,val box,val obj,val cls
0,1.37G,0.09182,0.03828,0.02529,0.1554,90,416,0.003795,0.5365,0.007241,0.001074,0.07487,0.02452,0.02214
1,1.65G,0.08274,0.03956,0.02175,0.144,99,416,0.006268,0.5135,0.008946,0.001594,0.07176,0.02479,0.01976
2,1.65G,0.08042,0.04119,0.0203,0.1419,96,416,0.006359,0.5308,0.01505,0.001967,0.07115,0.02506,0.01883
3,1.65G,0.08031,0.04027,0.01908,0.1397,93,416,0.02251,0.2423,0.0129,0.004096,0.07321,0.02378,0.01859
4,1.65G,0.07729,0.04237,0.01886,0.1385,93,416,0.6432,0.1077,0.08018,0.02434,0.06891,0.02558,0.01797
5,1.65G,0.07477,0.04266,0.01795,0.1354,96,416,0.5843,0.1462,0.06559,0.01749,0.06838,0.02448,0.01769
6,1.65G,0.07129,0.04179,0.01883,0.1319,108,416,0.681,0.1615,0.1408,0.04479,0.06617,0.02368,0.01761
7,1.65G,0.06734,0.04184,0.01784,0.127,92,416,0.6998,0.174,0.1799,0.05365,0.06311,0.02449,0.01762
8,1.65G,0.06248,0.04202,0.01806,0.1226,96,416,0.1597,0.3827,0.09998,0.02079,0.06769,0.03225,0.01678
9,1.65G,0.05884,0.04061,0.01829,0.1177,77,416,0.5574,0.1,0.04558,0.00858,0.06569,0.03419,0.01635
10,1.65G,0.05712,0.03868,0.01726,0.1131,107,416,0.6468,0.1538,0.1344,0.02624,0.06076,0.02877,0.01536
11,1.65G,0.05457,0.03733,0.01822,0.1101,98,416,0.6312,0.1385,0.09919,0.02587,0.06475,0.03457,0.0168
12,1.65G,0.0546,0.03585,0.01757,0.108,90,416,0.7401,0.2846,0.2512,0.08383,0.05485,0.02396,0.01453
13,1.65G,0.05318,0.03497,0.01705,0.1052,101,416,0.09096,0.3481,0.09518,0.025,0.05909,0.03463,0.01635
14,1.65G,0.05019,0.03507,0.01701,0.1023,85,416,0.8506,0.2538,0.3778,0.1292,0.05526,0.02607,0.01501
15,1.65G,0.04867,0.03389,0.01759,0.1001,79,416,0.3864,0.6481,0.5063,0.2079,0.04868,0.02106,0.01551
16,1.65G,0.04679,0.03365,0.01683,0.09727,62,416,0.4133,0.6135,0.4625,0.2033,0.04442,0.01954,0.01414
17,1.65G,0.04596,0.0331,0.01654,0.0956,86,416,0.3682,0.609,0.458,0.1836,0.04281,0.02086,0.01358
18,1.65G,0.04517,0.03239,0.01611,0.09366,94,416,0.7342,0.2462,0.2968,0.09348,0.04896,0.03787,0.01409
19,1.65G,0.04447,0.0325,0.01595,0.09293,86,416,0.2824,0.6,0.4472,0.2044,0.04805,0.02102,0.0132
20,1.65G,0.04402,0.03137,0.01484,0.09022,110,416,0.2246,0.6231,0.3932,0.1615,0.04514,0.02103,0.01197
21,1.65G,0.04268,0.03174,0.01442,0.08883,102,416,0.4382,0.5654,0.5035,0.2264,0.04657,0.01853,0.01253
22,1.65G,0.04235,0.03107,0.01318,0.08659,99,416,0.4681,0.7705,0.6998,0.3065,0.04374,0.01714,0.01103
23,1.65G,0.04229,0.03107,0.01352,0.08688,77,416,0.4329,0.7885,0.7025,0.3068,0.04503,0.01933,0.009791
24,1.65G,0.04141,0.03095,0.01291,0.08527,94,416,0.5117,0.5404,0.4823,0.1993,0.0444,0.02119,0.009502
25,1.65G,0.04163,0.03018,0.01252,0.08433,87,416,0.7091,0.6716,0.6866,0.2156,0.04931,0.01734,0.005774
26,1.65G,0.04124,0.03089,0.01212,0.08426,110,416,0.602,0.7385,0.6819,0.334,0.04267,0.01636,0.005268
27,1.65G,0.04072,0.03018,0.01133,0.08223,95,416,0.5776,0.6731,0.677,0.2663,0.04642,0.01828,0.005605
28,1.65G,0.04128,0.03142,0.0108,0.08351,73,416,0.6464,0.5962,0.6781,0.3496,0.04313,0.0157,0.01582
29,1.65G,0.04015,0.0299,0.01056,0.08061,101,416,0.5907,0.7288,0.7085,0.2566,0.04719,0.01782,0.006512
30,1.65G,0.04011,0.02915,0.009491,0.07876,96,416,0.6991,0.6327,0.6837,0.3288,0.04386,0.01717,0.003059
31,1.65G,0.03925,0.02959,0.00963,0.07846,81,416,0.6672,0.5058,0.58,0.2433,0.05271,0.01892,0.004641
32,1.65G,0.04,0.0295,0.009399,0.07889,77,416,0.5766,0.721,0.7547,0.2976,0.04254,0.01697,0.00878
33,1.65G,0.03974,0.02904,0.009603,0.07838,86,416,0.73,0.6635,0.7218,0.2632,0.04576,0.01781,0.005497
34,1.65G,0.03901,0.02908,0.008855,0.07694,86,416,0.7759,0.7634,0.7768,0.3556,0.04463,0.01608,0.003614
35,1.65G,0.03932,0.03002,0.008943,0.07828,89,416,0.8169,0.7577,0.8096,0.3102,0.05019,0.01604,0.004448
36,1.65G,0.03891,0.02917,0.008805,0.07689,81,416,0.8282,0.7462,0.8316,0.3486,0.04227,0.01578,0.002318
37,1.65G,0.03812,0.02951,0.008057,0.07569,77,416,0.6817,0.8853,0.8636,0.3671,0.04311,0.01508,0.004313
38,1.65G,0.03822,0.02949,0.007719,0.07542,92,416,0.6227,0.6204,0.5687,0.1796,0.0443,0.02189,0.003546
39,1.65G,0.03779,0.02876,0.008167,0.07472,70,416,0.8427,0.75,0.8268,0.3507,0.0466,0.01596,0.002908
40,1.65G,0.03884,0.02857,0.007475,0.07489,75,416,0.748,0.7327,0.7772,0.3195,0.04393,0.01635,0.002676
41,1.65G,0.0377,0.02905,0.007444,0.07419,69,416,0.7702,0.7533,0.8006,0.363,0.04177,0.01615,0.002046
42,1.65G,0.03719,0.02812,0.008278,0.07359,94,416,0.6325,0.7712,0.7882,0.3378,0.04131,0.01721,0.004889
43,1.65G,0.03796,0.02901,0.00737,0.07434,82,416,0.781,0.8458,0.8429,0.359,0.041,0.01524,0.002104
44,1.65G,0.03707,0.02809,0.007127,0.07229,101,416,0.8769,0.7633,0.8435,0.3894,0.04155,0.01525,0.0016
45,1.65G,0.03698,0.02864,0.006878,0.0725,91,416,0.8713,0.7024,0.8328,0.37,0.04204,0.01609,0.002257
46,1.65G,0.0372,0.0277,0.007037,0.07194,76,416,0.8202,0.7225,0.8066,0.3942,0.04391,0.01515,0.004545
47,1.65G,0.03709,0.02782,0.006374,0.07129,80,416,0.4469,0.5538,0.5204,0.2005,0.04731,0.02591,0.007035
48,1.65G,0.0372,0.02695,0.007002,0.07115,85,416,0.768,0.6962,0.7845,0.3529,0.04158,0.0157,0.005259
49,1.65G,0.03669,0.02846,0.006728,0.07187,84,416,0.8456,0.7786,0.8191,0.3846,0.04025,0.0154,0.003047
50,1.65G,0.03604,0.02692,0.006582,0.06955,82,416,0.8429,0.8461,0.8632,0.3704,0.04177,0.01561,0.00147
51,1.65G,0.03596,0.02867,0.006274,0.0709,87,416,0.8298,0.7481,0.8261,0.3517,0.0441,0.01607,0.001596
52,1.65G,0.03609,0.02777,0.006175,0.07004,94,416,0.8675,0.747,0.8028,0.3513,0.04384,0.0152,0.0009399
53,1.65G,0.03632,0.02723,0.006218,0.06976,89,416,0.8648,0.7556,0.8361,0.4088,0.0416,0.01488,0.001334
54,1.65G,0.036,0.02792,0.005803,0.06972,71,416,0.8114,0.8288,0.8142,0.4139,0.04094,0.01496,0.001192
55,1.65G,0.03539,0.0267,0.005704,0.0678,87,416,0.8258,0.8425,0.8545,0.4353,0.03972,0.01484,0.001003
56,1.65G,0.03583,0.02763,0.00597,0.06943,95,416,0.8177,0.8038,0.8336,0.39,0.04046,0.01585,0.003756
57,1.65G,0.03647,0.02806,0.005577,0.07011,80,416,0.8745,0.8135,0.8507,0.4043,0.04151,0.01498,0.0009954
58,1.65G,0.03509,0.02769,0.00561,0.06839,82,416,0.9321,0.7557,0.8533,0.3955,0.04307,0.01429,0.003116
59,1.65G,0.03489,0.02691,0.005528,0.06733,95,416,0.8265,0.7808,0.7983,0.3807,0.04369,0.01634,0.003788
60,1.65G,0.03561,0.02688,0.005915,0.06841,81,416,0.9195,0.7962,0.8829,0.4061,0.04144,0.01472,0.001324
61,1.65G,0.035,0.02725,0.005628,0.06787,96,416,0.8437,0.7787,0.822,0.3948,0.04119,0.01596,0.00141
62,1.65G,0.03489,0.02734,0.00522,0.06745,84,416,0.8884,0.7461,0.835,0.3894,0.04229,0.01566,0.003622
63,1.65G,0.03529,0.02644,0.005494,0.06723,70,416,0.9369,0.8135,0.8538,0.3818,0.04232,0.01616,0.0008227
64,1.65G,0.03492,0.02689,0.004654,0.06647,82,416,0.8884,0.8324,0.8756,0.4162,0.03974,0.01486,0.0008887
65,1.65G,0.03454,0.02676,0.004129,0.06543,107,416,0.7544,0.8702,0.8471,0.4722,0.0399,0.01424,0.001571
66,1.65G,0.03476,0.02748,0.004772,0.06701,113,416,0.8775,0.7707,0.8586,0.4065,0.04409,0.01433,0.001819
67,1.65G,0.03556,0.02653,0.005562,0.06765,88,416,0.749,0.8383,0.7953,0.3882,0.04277,0.01492,0.002619
68,1.65G,0.0346,0.02693,0.005257,0.06679,110,416,0.8977,0.7978,0.8459,0.4315,0.03942,0.01494,0.001607
69,1.65G,0.03414,0.02643,0.004631,0.0652,84,416,0.9056,0.7883,0.8914,0.4117,0.04322,0.01469,0.0009966
70,1.65G,0.03422,0.02636,0.004318,0.0649,81,416,0.8415,0.8538,0.8611,0.385,0.04202,0.01527,0.0009851
71,1.65G,0.03413,0.02615,0.004423,0.0647,96,416,0.925,0.8128,0.9,0.4728,0.03908,0.01406,0.0009439
72,1.65G,0.03371,0.02633,0.004356,0.0644,99,416,0.825,0.8359,0.8612,0.3846,0.04096,0.01447,0.0009947
73,1.65G,0.03392,0.02586,0.004429,0.06421,80,416,0.7521,0.8712,0.8591,0.3598,0.04314,0.01512,0.002539
74,1.65G,0.03392,0.02632,0.004837,0.06508,91,416,0.801,0.8038,0.8351,0.4146,0.03993,0.01438,0.002116
75,1.65G,0.03322,0.02671,0.004186,0.06412,87,416,0.9144,0.7635,0.8285,0.4473,0.03929,0.01463,0.0004225
76,1.65G,0.03449,0.02667,0.004905,0.06606,116,416,0.8885,0.8288,0.8752,0.4063,0.0415,0.01541,0.0004989
77,1.65G,0.03382,0.02731,0.004175,0.0653,104,416,0.8073,0.8785,0.8688,0.445,0.03999,0.01478,0.001263
78,1.65G,0.03391,0.02661,0.004186,0.0647,86,416,0.8876,0.8206,0.8528,0.4053,0.04292,0.01489,0.0006502
79,1.65G,0.03334,0.02608,0.00457,0.06399,72,416,0.734,0.8384,0.8147,0.412,0.03997,0.01511,0.003935
80,1.65G,0.03357,0.02602,0.004371,0.06397,76,416,0.8301,0.8274,0.8735,0.4409,0.03994,0.01458,0.002286
81,1.65G,0.03292,0.02623,0.004118,0.06327,101,416,0.8838,0.8038,0.8873,0.4398,0.03792,0.01506,0.001192
82,1.65G,0.0331,0.02521,0.003798,0.06211,74,416,0.8352,0.8537,0.8483,0.4065,0.04125,0.01571,0.0003215
83,1.65G,0.03366,0.0258,0.004663,0.06412,82,416,0.891,0.8025,0.8751,0.4418,0.04018,0.01465,0.0004946
84,1.65G,0.03319,0.02564,0.004022,0.06286,90,416,0.8766,0.8712,0.8878,0.4186,0.04282,0.01512,0.0005476
85,1.65G,0.03243,0.02565,0.004337,0.06242,62,416,0.8497,0.8212,0.8698,0.4071,0.04423,0.0151,0.0009492
86,1.65G,0.03331,0.02738,0.004274,0.06497,112,416,0.8664,0.8613,0.8826,0.4116,0.03991,0.01451,0.0008081
87,1.65G,0.0328,0.02563,0.004417,0.06284,91,416,0.8087,0.7462,0.7647,0.3587,0.04313,0.01563,0.0009971
88,1.65G,0.03247,0.02538,0.003914,0.06177,86,416,0.8777,0.8462,0.8797,0.4131,0.0415,0.01551,0.0007554
89,1.65G,0.03328,0.02539,0.004198,0.06287,102,416,0.8129,0.7711,0.801,0.4182,0.04144,0.01481,0.0006479
90,1.65G,0.03356,0.02587,0.003751,0.06318,75,416,0.8856,0.8135,0.85,0.4618,0.04138,0.01518,0.0003976
91,1.65G,0.03294,0.02579,0.004248,0.06299,80,416,0.8968,0.8457,0.8759,0.4235,0.04266,0.01548,0.001177
92,1.65G,0.03271,0.0258,0.004012,0.06253,89,416,0.8731,0.7808,0.863,0.3915,0.0449,0.01515,0.0003066
93,1.65G,0.03217,0.0254,0.003406,0.06098,99,416,0.9,0.8615,0.9091,0.4118,0.04161,0.01474,0.001509
94,1.65G,0.03185,0.02617,0.003624,0.06165,93,416,0.8924,0.8537,0.8818,0.4327,0.0415,0.01467,0.0007578
95,1.65G,0.03248,0.02562,0.004056,0.06216,87,416,0.9246,0.7962,0.8841,0.4385,0.04048,0.01479,0.0006406
96,1.65G,0.03266,0.02547,0.003763,0.06189,88,416,0.8837,0.8288,0.8813,0.4639,0.04106,0.0145,0.0006357
97,1.65G,0.03197,0.02511,0.003756,0.06084,79,416,0.8936,0.7962,0.8257,0.3941,0.04372,0.01488,0.0008131
98,1.65G,0.03159,0.02564,0.003465,0.06069,93,416,0.9181,0.7885,0.8431,0.4208,0.04055,0.01488,0.0005157
99,1.65G,0.03156,0.02516,0.003884,0.06061,88,416,0.8346,0.8461,0.8641,0.4449,0.04055,0.0149,0.001054
100,1.65G,0.03214,0.02526,0.003531,0.06094,106,416,0.8389,0.8785,0.8849,0.4515,0.04085,0.01504,0.0007121
101,1.65G,0.03214,0.02455,0.003235,0.05992,108,416,0.8122,0.8885,0.8756,0.4275,0.04333,0.01525,0.0004937
102,1.65G,0.03251,0.02491,0.003098,0.06052,78,416,0.9101,0.8058,0.8849,0.465,0.0399,0.0148,0.0004769
103,1.65G,0.032,0.02598,0.003688,0.06167,91,416,0.8647,0.8115,0.851,0.4798,0.03775,0.01483,0.0006868
104,1.65G,0.03167,0.02564,0.003723,0.06103,92,416,0.8229,0.8863,0.8719,0.4611,0.03845,0.01414,0.0003639
105,1.65G,0.03178,0.02427,0.003763,0.05982,63,416,0.8353,0.7808,0.8476,0.4779,0.04112,0.01435,0.0007435
106,1.65G,0.03184,0.02451,0.004341,0.0607,94,416,0.9299,0.8371,0.8969,0.4697,0.04066,0.01507,0.0006994
107,1.65G,0.03185,0.0249,0.00397,0.06071,79,416,0.8305,0.8212,0.846,0.4353,0.04215,0.01606,0.0009845
108,1.65G,0.03143,0.02466,0.003878,0.05997,90,416,0.8658,0.8062,0.8634,0.4817,0.0388,0.01434,0.0009446
109,1.65G,0.03083,0.02476,0.003538,0.05913,81,416,0.8919,0.8193,0.9042,0.4887,0.03814,0.01431,0.001715
110,1.65G,0.03172,0.02488,0.003362,0.05996,79,416,0.8674,0.8493,0.8919,0.4606,0.03914,0.01493,0.000612
111,1.65G,0.03153,0.02476,0.003374,0.05966,102,416,0.9253,0.7941,0.8776,0.445,0.0417,0.01444,0.0004377
112,1.65G,0.03191,0.02463,0.003213,0.05975,67,416,0.7933,0.9102,0.881,0.4643,0.03893,0.01442,0.0008384
113,1.65G,0.0315,0.02494,0.003254,0.05969,98,416,0.8217,0.7962,0.8454,0.4342,0.04128,0.0152,0.0003239
114,1.65G,0.03164,0.02546,0.003708,0.06081,96,416,0.8587,0.8288,0.8626,0.4708,0.03782,0.01429,0.001163
115,1.65G,0.03152,0.02399,0.003486,0.059,84,416,0.8717,0.7962,0.8577,0.4505,0.04164,0.01479,0.0007304
116,1.65G,0.03122,0.02445,0.003299,0.05897,94,416,0.8814,0.8462,0.8673,0.4566,0.03995,0.01453,0.0006501
117,1.65G,0.03163,0.02467,0.003229,0.05953,70,416,0.8345,0.8284,0.8597,0.4422,0.04161,0.01447,0.0006429
118,1.65G,0.03103,0.024,0.002965,0.05799,90,416,0.9108,0.792,0.863,0.4399,0.04104,0.01445,0.0006212
119,1.65G,0.03112,0.02442,0.00316,0.05871,63,416,0.9253,0.8315,0.8923,0.4656,0.04107,0.01446,0.001057
120,1.65G,0.03078,0.02491,0.003181,0.05887,77,416,0.9195,0.8365,0.9008,0.4811,0.04011,0.01375,0.0005332
121,1.65G,0.03112,0.02458,0.003207,0.0589,87,416,0.8186,0.8108,0.8369,0.4926,0.0407,0.01447,0.001293
122,1.65G,0.03056,0.02439,0.003787,0.05874,92,416,0.8612,0.8865,0.884,0.4603,0.0414,0.01561,0.0006748
123,1.65G,0.0305,0.02455,0.003272,0.05832,109,416,0.9294,0.8251,0.9059,0.4582,0.04049,0.01436,0.0004215
124,1.65G,0.03059,0.02454,0.002944,0.05806,87,416,0.8004,0.9038,0.8403,0.4447,0.03939,0.01436,0.00112
125,1.65G,0.03096,0.02485,0.002859,0.05867,98,416,0.8689,0.8452,0.8857,0.4569,0.04145,0.01381,0.0006624
126,1.65G,0.0309,0.02428,0.003026,0.05821,115,416,0.8697,0.8288,0.8677,0.4508,0.04174,0.01439,0.0009276
127,1.65G,0.03005,0.0246,0.002788,0.05745,78,416,0.8031,0.8614,0.8571,0.4468,0.04077,0.01446,0.000572
128,1.65G,0.03016,0.02328,0.003095,0.05653,75,416,0.8413,0.8865,0.859,0.4652,0.03878,0.01476,0.0004474
129,1.65G,0.03029,0.02454,0.003309,0.05814,101,416,0.8472,0.8462,0.8792,0.4603,0.03985,0.01465,0.0007752
130,1.65G,0.03,0.02417,0.003168,0.05734,84,416,0.799,0.8212,0.8104,0.471,0.04083,0.01422,0.001605
131,1.65G,0.03045,0.02389,0.00312,0.05746,99,416,0.8667,0.8365,0.8458,0.4619,0.04088,0.01399,0.000511
132,1.65G,0.03092,0.02461,0.002428,0.05796,77,416,0.8941,0.7308,0.8334,0.4371,0.03895,0.01492,0.0006759
133,1.65G,0.03014,0.02336,0.002835,0.05633,77,416,0.8312,0.8135,0.844,0.434,0.04051,0.0146,0.0009683
134,1.65G,0.03009,0.02435,0.002929,0.05737,89,416,0.8641,0.7808,0.8498,0.4438,0.04039,0.01443,0.000855
135,1.65G,0.03036,0.0241,0.002861,0.05733,98,416,0.877,0.8557,0.9016,0.4734,0.03954,0.01495,0.0002079
136,1.65G,0.03015,0.02395,0.002579,0.05668,85,416,0.8218,0.8288,0.8454,0.4088,0.04164,0.015,0.001659
137,1.65G,0.02975,0.024,0.002637,0.05639,71,416,0.9405,0.7876,0.8957,0.4415,0.03948,0.01505,0.0004181
138,1.65G,0.02993,0.02387,0.00307,0.05687,99,416,0.9359,0.7962,0.8808,0.427,0.04034,0.01514,0.0004079
139,1.65G,0.03041,0.02353,0.002481,0.05642,92,416,0.8786,0.794,0.8728,0.4631,0.03959,0.01473,0.002298
140,1.65G,0.02975,0.02383,0.00272,0.05629,62,416,0.7857,0.8864,0.8421,0.4497,0.04008,0.01446,0.0005575
141,1.65G,0.02983,0.02371,0.002705,0.05625,72,416,0.8527,0.848,0.8964,0.4372,0.04102,0.01442,0.0003814
142,1.65G,0.02904,0.02352,0.002837,0.05539,86,416,0.8112,0.832,0.8634,0.4604,0.03857,0.0143,0.0003148
143,1.65G,0.02965,0.02364,0.00258,0.05587,93,416,0.8622,0.8385,0.8594,0.4536,0.03775,0.01419,0.0006475
144,1.65G,0.0299,0.0232,0.002301,0.05541,79,416,0.8456,0.8538,0.846,0.4684,0.03994,0.01503,0.0005322
145,1.65G,0.0297,0.02409,0.002438,0.05623,101,416,0.7851,0.8538,0.8646,0.4891,0.0408,0.01391,0.0002048
146,1.65G,0.02972,0.02432,0.002632,0.05667,78,416,0.8175,0.8284,0.834,0.456,0.04113,0.01439,0.0004442
147,1.65G,0.02914,0.02387,0.002614,0.05562,85,416,0.8326,0.9115,0.8743,0.4625,0.04092,0.01465,0.0004263
148,1.65G,0.02918,0.02306,0.002816,0.05506,83,416,0.8446,0.8786,0.8684,0.4489,0.04164,0.01522,0.0002723
149,1.65G,0.02888,0.02282,0.002457,0.05415,72,416,0.9037,0.7962,0.8375,0.44,0.04128,0.01535,0.0001976
150,1.65G,0.02939,0.02357,0.002329,0.05529,72,416,0.8236,0.8865,0.8416,0.4589,0.04058,0.01465,0.0003958
151,1.65G,0.02916,0.0235,0.002425,0.05508,109,416,0.8475,0.8615,0.8549,0.4692,0.03951,0.01435,0.0004922
152,1.65G,0.02941,0.02373,0.002436,0.05557,67,416,0.8489,0.8788,0.8791,0.4554,0.04128,0.01482,0.0003738
153,1.65G,0.02896,0.02334,0.00281,0.05511,80,416,0.8732,0.8388,0.8751,0.4381,0.04155,0.01486,0.001012
154,1.65G,0.0291,0.02351,0.002268,0.05488,89,416,0.8879,0.8377,0.8922,0.4587,0.04023,0.0154,0.0003424
155,1.65G,0.02907,0.02327,0.002001,0.05434,96,416,0.8623,0.8538,0.87,0.4635,0.04065,0.01462,0.0002414
156,1.65G,0.02911,0.02345,0.002382,0.05494,88,416,0.853,0.845,0.8744,0.4398,0.04314,0.01474,0.0007029
157,1.65G,0.02929,0.02351,0.002404,0.0552,102,416,0.8584,0.8241,0.8787,0.4863,0.0409,0.01471,0.0003829
158,1.65G,0.02874,0.02277,0.002461,0.05397,88,416,0.8693,0.8788,0.8871,0.4659,0.04096,0.01576,0.0004325
159,1.65G,0.02894,0.02353,0.002177,0.05465,91,416,0.9648,0.7312,0.854,0.4626,0.04024,0.01524,0.0005321
160,1.65G,0.02883,0.0236,0.002307,0.05473,105,416,0.8493,0.8211,0.847,0.4491,0.039,0.01559,0.001103
161,1.65G,0.02909,0.02237,0.002284,0.05374,85,416,0.8168,0.8475,0.8616,0.4789,0.03945,0.01481,0.0009707
162,1.65G,0.02942,0.02289,0.002597,0.0549,84,416,0.8052,0.813,0.8537,0.4322,0.04195,0.01559,0.001034
163,1.65G,0.02898,0.02231,0.002698,0.05398,79,416,0.8813,0.8385,0.878,0.4344,0.04183,0.01602,0.0004847
164,1.65G,0.02872,0.02279,0.002656,0.05416,80,416,0.8413,0.8538,0.8744,0.466,0.03872,0.01557,0.001717
165,1.65G,0.02866,0.02316,0.002376,0.05419,83,416,0.8613,0.8212,0.8535,0.4285,0.04139,0.01561,0.0003927
166,1.65G,0.02848,0.02366,0.002627,0.05476,85,416,0.8337,0.8864,0.8524,0.4627,0.03869,0.01458,0.0006393
167,1.65G,0.0287,0.02248,0.002374,0.05356,105,416,0.8481,0.8364,0.8384,0.4706,0.03909,0.01444,0.0002731
168,1.65G,0.02844,0.02293,0.002721,0.05409,100,416,0.8461,0.8463,0.8439,0.4734,0.03867,0.01436,0.0005292
169,1.65G,0.02906,0.02286,0.002171,0.05409,106,416,0.904,0.8962,0.9192,0.4763,0.04072,0.01565,0.0004185
170,1.65G,0.02786,0.02273,0.002185,0.05278,106,416,0.891,0.8075,0.8699,0.4758,0.04002,0.0152,0.0006009
171,1.65G,0.02835,0.02305,0.002659,0.05406,103,416,0.9355,0.8379,0.8983,0.4582,0.03933,0.01451,0.0005171
172,1.65G,0.02862,0.02279,0.002468,0.05388,79,416,0.8759,0.8133,0.835,0.4336,0.03944,0.01572,0.0004977
173,1.65G,0.02827,0.02277,0.002273,0.05331,89,416,0.8649,0.8775,0.8934,0.4677,0.04023,0.0144,0.0004815
174,1.65G,0.02756,0.02245,0.00212,0.05213,94,416,0.8733,0.9037,0.9119,0.49,0.03839,0.01468,0.0004929
175,1.65G,0.02775,0.022,0.002511,0.05226,102,416,0.8199,0.8462,0.8297,0.4718,0.03916,0.01499,0.0004837
176,1.65G,0.02789,0.02304,0.00233,0.05325,90,416,0.8304,0.8712,0.8636,0.4711,0.0394,0.01483,0.0002248
177,1.65G,0.02834,0.02272,0.002361,0.05342,77,416,0.9435,0.8212,0.881,0.4847,0.03887,0.01453,0.0003713
178,1.65G,0.02782,0.02281,0.002433,0.05306,77,416,0.9406,0.774,0.8804,0.4695,0.03885,0.01503,0.0005261
179,1.65G,0.02786,0.02292,0.001948,0.05273,85,416,0.8806,0.8308,0.8775,0.4602,0.04022,0.01582,0.0003313
180,1.65G,0.02834,0.0228,0.002191,0.05333,83,416,0.9066,0.8231,0.8909,0.4514,0.04147,0.01532,0.001263
181,1.65G,0.02762,0.02279,0.00191,0.05233,72,416,0.9146,0.8212,0.8798,0.4601,0.03983,0.015,0.001308
182,1.65G,0.02811,0.02251,0.002529,0.05315,96,416,0.8736,0.8635,0.8574,0.4694,0.03781,0.01442,0.001155
183,1.65G,0.02762,0.02295,0.002607,0.05318,86,416,0.8745,0.8135,0.8295,0.4586,0.04005,0.01576,0.001536
184,1.65G,0.02772,0.02216,0.002711,0.05259,94,416,0.8608,0.8538,0.8746,0.4575,0.03816,0.01491,0.001856
185,1.65G,0.02761,0.02284,0.002706,0.05316,97,416,0.8639,0.8443,0.8588,0.4882,0.03717,0.01493,0.0009909
186,1.65G,0.02767,0.02256,0.001946,0.05218,103,416,0.844,0.7999,0.8276,0.4881,0.0404,0.01443,0.0004745
187,1.65G,0.02802,0.02271,0.002241,0.05297,84,416,0.8266,0.8288,0.8651,0.4813,0.03894,0.0153,0.001067
188,1.65G,0.02754,0.02129,0.002331,0.05116,98,416,0.9473,0.7735,0.8702,0.4819,0.03875,0.01523,0.0006513
189,1.65G,0.02775,0.02274,0.002578,0.05307,92,416,0.8155,0.7843,0.8192,0.4216,0.04038,0.01679,0.0005658
190,1.65G,0.02759,0.02229,0.002302,0.05218,82,416,0.886,0.8384,0.8748,0.4472,0.03966,0.01535,0.001065
191,1.65G,0.02771,0.0222,0.002185,0.0521,92,416,0.8362,0.8009,0.835,0.4657,0.04001,0.01596,0.001613
192,1.65G,0.0275,0.02245,0.002338,0.05229,65,416,0.8776,0.8038,0.847,0.4807,0.03892,0.0157,0.0004581
193,1.65G,0.02766,0.02238,0.002114,0.05216,90,416,0.9126,0.7917,0.8653,0.4807,0.03878,0.01514,0.0007698
194,1.65G,0.02721,0.02219,0.002105,0.0515,91,416,0.8002,0.9115,0.877,0.4898,0.0376,0.01543,0.002038
195,1.65G,0.02742,0.0227,0.001698,0.05182,92,416,0.8166,0.7853,0.8168,0.4554,0.04105,0.01619,0.0006431
196,1.65G,0.02757,0.02305,0.00205,0.05267,98,416,0.8494,0.7382,0.7852,0.4317,0.04142,0.01614,0.001559
197,1.65G,0.02717,0.0221,0.002059,0.05133,101,416,0.8824,0.8058,0.873,0.4841,0.03978,0.01477,0.001182
198,1.65G,0.02731,0.02238,0.002394,0.05209,88,416,0.8562,0.7712,0.8473,0.4386,0.04004,0.01576,0.001006
199,1.65G,0.02734,0.02197,0.001823,0.05114,92,416,0.8379,0.8462,0.8659,0.4604,0.03905,0.01543,0.0004642
200,1.65G,0.02731,0.02184,0.001828,0.05097,84,416,0.8508,0.8711,0.8806,0.4741,0.03973,0.01517,0.0003831
201,1.65G,0.02694,0.02169,0.001556,0.05019,96,416,0.9216,0.8212,0.8885,0.4873,0.03956,0.01486,0.0008068
202,1.65G,0.02682,0.02233,0.001816,0.05096,97,416,0.8387,0.8425,0.8519,0.4758,0.04171,0.01555,0.00137
203,1.65G,0.02678,0.02249,0.002479,0.05175,74,416,0.8387,0.8538,0.8658,0.4679,0.03913,0.01506,0.001154
204,1.65G,0.0269,0.02173,0.001824,0.05046,80,416,0.8842,0.8288,0.8632,0.4715,0.0387,0.01469,0.002515
205,1.65G,0.02723,0.02208,0.002201,0.05151,102,416,0.82,0.8538,0.8403,0.4833,0.0385,0.01438,0.001615
206,1.65G,0.02712,0.02192,0.002054,0.05109,86,416,0.8073,0.8515,0.8303,0.4443,0.04049,0.01566,0.001571
207,1.65G,0.02687,0.02247,0.001795,0.05114,95,416,0.8687,0.8711,0.8709,0.467,0.04126,0.01505,0.0009167
208,1.65G,0.02695,0.02125,0.002205,0.0504,68,416,0.8546,0.8712,0.848,0.4671,0.0427,0.0155,0.001332
209,1.65G,0.02671,0.02102,0.002069,0.0498,93,416,0.8921,0.9038,0.8924,0.4941,0.03953,0.01449,0.0004972
210,1.65G,0.0266,0.02146,0.001803,0.04986,78,416,0.8763,0.8635,0.8798,0.4867,0.04003,0.01504,0.000945
211,1.65G,0.02675,0.02188,0.001754,0.05038,92,416,0.8662,0.8709,0.8546,0.4841,0.03968,0.01474,0.001108
212,1.65G,0.02677,0.0223,0.00165,0.05072,75,416,0.8256,0.8384,0.8247,0.4676,0.04139,0.01538,0.0005802
213,1.65G,0.02621,0.02189,0.001665,0.04977,75,416,0.8562,0.8441,0.8389,0.5096,0.03993,0.01459,0.0003981
214,1.65G,0.02615,0.02119,0.001576,0.04892,86,416,0.8216,0.8211,0.7868,0.4814,0.03971,0.01501,0.000818
215,1.65G,0.02617,0.02165,0.001545,0.04936,106,416,0.799,0.8365,0.8149,0.4685,0.04006,0.01535,0.0004461
216,1.65G,0.02683,0.02213,0.001992,0.05095,105,416,0.8103,0.8362,0.8514,0.459,0.03916,0.01535,0.0003071
217,1.65G,0.02627,0.0218,0.00176,0.04983,124,416,0.838,0.8549,0.8274,0.4668,0.04008,0.01486,0.0003245
218,1.65G,0.02686,0.0218,0.002219,0.05089,90,416,0.8092,0.8115,0.8175,0.4809,0.04021,0.01503,0.000626
219,1.65G,0.02626,0.02177,0.001784,0.04981,86,416,0.8245,0.821,0.827,0.4595,0.03936,0.01532,0.0003391
220,1.65G,0.02632,0.02194,0.001758,0.05002,86,416,0.8274,0.8151,0.8364,0.4808,0.03841,0.01438,0.0008277
221,1.65G,0.02608,0.02167,0.001953,0.0497,71,416,0.8336,0.823,0.8533,0.4721,0.03968,0.01494,0.0006259
222,1.65G,0.02613,0.02115,0.001369,0.04865,85,416,0.7965,0.8462,0.7983,0.4712,0.04016,0.01526,0.001017
223,1.65G,0.02593,0.02188,0.001636,0.04944,115,416,0.8182,0.8615,0.8225,0.4847,0.03846,0.01511,0.0005154
224,1.65G,0.02592,0.02193,0.001481,0.04933,89,416,0.8662,0.7787,0.8272,0.4602,0.04009,0.01534,0.0004883
225,1.65G,0.02581,0.02119,0.002361,0.04935,91,416,0.8545,0.8288,0.8385,0.4492,0.04107,0.0159,0.0003254
226,1.65G,0.02637,0.02139,0.001776,0.04953,111,416,0.8298,0.8212,0.8655,0.4797,0.03954,0.01604,0.0005675
227,1.65G,0.02586,0.02103,0.00182,0.04871,78,416,0.8367,0.8135,0.8439,0.4804,0.0399,0.01559,0.0003669
228,1.65G,0.02655,0.02179,0.001918,0.05025,96,416,0.8048,0.9038,0.8378,0.4691,0.03866,0.01612,0.0008288
229,1.65G,0.0262,0.02112,0.001721,0.04904,85,416,0.8526,0.8863,0.8711,0.4969,0.0374,0.01471,0.00102
230,1.65G,0.02626,0.02142,0.001909,0.04959,82,416,0.8463,0.9192,0.8842,0.4974,0.03708,0.01467,0.0008061
231,1.65G,0.026,0.02121,0.001963,0.04917,98,416,0.8346,0.8288,0.8362,0.4932,0.03907,0.01518,0.0007906
232,1.65G,0.02607,0.02141,0.001927,0.04941,93,416,0.8293,0.8615,0.8385,0.5089,0.03897,0.01467,0.000409
233,1.65G,0.02589,0.02107,0.001358,0.04831,97,416,0.8816,0.8537,0.8518,0.4879,0.03981,0.0152,0.000311
234,1.65G,0.0258,0.02169,0.00179,0.04929,104,416,0.8406,0.8211,0.8268,0.4835,0.03983,0.0153,0.0003391
235,1.65G,0.02551,0.02053,0.001744,0.04778,86,416,0.8639,0.8308,0.8454,0.4751,0.03944,0.01531,0.0003457
236,1.65G,0.02547,0.02087,0.001776,0.04812,78,416,0.8714,0.8614,0.8551,0.4816,0.03838,0.01503,0.0003648
237,1.65G,0.0259,0.02069,0.001557,0.04815,86,416,0.7839,0.8538,0.8231,0.472,0.04013,0.01615,0.0007777
238,1.65G,0.02592,0.02113,0.001638,0.04869,106,416,0.8208,0.7885,0.8063,0.4686,0.03867,0.01515,0.000827
239,1.65G,0.02561,0.02145,0.001497,0.04856,84,416,0.8573,0.9038,0.8757,0.4841,0.03829,0.01499,0.0003105
240,1.65G,0.02582,0.02133,0.001949,0.04909,79,416,0.8516,0.8787,0.8694,0.4787,0.03845,0.01595,0.0005341
241,1.65G,0.02577,0.02145,0.001824,0.04905,93,416,0.8224,0.8962,0.8583,0.4918,0.03892,0.01575,0.0002584
242,1.65G,0.02543,0.02122,0.001641,0.04829,100,416,0.7691,0.8288,0.8012,0.4723,0.04007,0.01574,0.0002878
243,1.65G,0.02544,0.02087,0.001882,0.04819,67,416,0.8708,0.8289,0.8658,0.5064,0.03912,0.01574,0.0004336
244,1.65G,0.02523,0.02112,0.00156,0.04791,104,416,0.8254,0.8308,0.817,0.4915,0.04134,0.01564,0.0004674
245,1.65G,0.02536,0.02128,0.001979,0.04862,102,416,0.8546,0.8788,0.8591,0.5094,0.0403,0.01515,0.0007599
246,1.65G,0.02528,0.02154,0.001593,0.04841,79,416,0.8451,0.8788,0.876,0.495,0.04055,0.01533,0.0004082
247,1.65G,0.0254,0.0204,0.001806,0.0476,95,416,0.8494,0.8211,0.8467,0.4821,0.03972,0.01611,0.0003943
248,1.65G,0.02559,0.02035,0.001665,0.0476,85,416,0.7933,0.8151,0.8126,0.4905,0.03944,0.01585,0.0003917
249,1.65G,0.02498,0.02101,0.001513,0.0475,72,416,0.789,0.8941,0.8664,0.489,0.03815,0.01547,0.0004124
250,1.65G,0.02539,0.02132,0.001723,0.04843,118,416,0.8282,0.8381,0.8338,0.4819,0.03914,0.01571,0.0005112
251,1.65G,0.02493,0.02053,0.001598,0.04706,89,416,0.8117,0.8285,0.8316,0.4889,0.03878,0.01594,0.0002956
252,1.65G,0.02547,0.02085,0.001427,0.04775,96,416,0.8239,0.8941,0.8409,0.4844,0.03905,0.01588,0.0003956
253,1.65G,0.02556,0.02093,0.00141,0.0479,84,416,0.8226,0.8308,0.8238,0.4808,0.0403,0.01589,0.0004102
254,1.65G,0.02536,0.02103,0.00147,0.04786,87,416,0.812,0.8712,0.8237,0.5089,0.03816,0.01539,0.0002453
255,1.65G,0.02499,0.02066,0.001598,0.04725,94,416,0.824,0.8634,0.8137,0.487,0.03954,0.01545,0.0002174
256,1.65G,0.02499,0.02122,0.00146,0.04766,70,416,0.8837,0.8635,0.8781,0.4934,0.0401,0.0149,0.000321
257,1.65G,0.025,0.02073,0.001416,0.04714,105,416,0.8677,0.8461,0.8591,0.486,0.03932,0.0154,0.0002592
258,1.65G,0.02447,0.02048,0.001206,0.04616,84,416,0.797,0.871,0.8468,0.4864,0.03935,0.01616,0.0002556
259,1.65G,0.02478,0.02058,0.001585,0.04694,84,416,0.8553,0.8058,0.8433,0.4733,0.03996,0.01582,0.0003223
260,1.65G,0.02513,0.02074,0.001429,0.0473,112,416,0.8131,0.8288,0.819,0.4933,0.03964,0.01489,0.0004813
261,1.65G,0.02501,0.02099,0.001549,0.04755,111,416,0.8096,0.8385,0.8484,0.4679,0.03996,0.01499,0.0009079
262,1.65G,0.02499,0.02039,0.001689,0.04707,92,416,0.8021,0.8308,0.8247,0.47,0.0409,0.01619,0.0003398
263,1.65G,0.0248,0.0207,0.001843,0.04733,95,416,0.7617,0.8558,0.8146,0.483,0.03796,0.01623,0.0004113
264,1.65G,0.025,0.02058,0.001917,0.04749,100,416,0.7942,0.8096,0.8244,0.4747,0.03712,0.01629,0.000649
265,1.65G,0.02431,0.0201,0.001484,0.0459,67,416,0.8244,0.7879,0.8253,0.4737,0.03941,0.01638,0.0006456
266,1.65G,0.02463,0.02074,0.001929,0.0473,101,416,0.8414,0.8308,0.8519,0.4939,0.03979,0.01583,0.0007144
267,1.65G,0.02463,0.0206,0.001528,0.04676,99,416,0.8024,0.8558,0.8362,0.4861,0.04043,0.01595,0.0008508
268,1.65G,0.02449,0.02017,0.00155,0.04621,83,416,0.8305,0.8634,0.8807,0.5134,0.03911,0.01518,0.0004131
269,1.65G,0.02498,0.02092,0.00146,0.04736,121,416,0.8206,0.8462,0.8505,0.5049,0.03878,0.01556,0.0005495
270,1.65G,0.02431,0.02062,0.001212,0.04614,104,416,0.7793,0.8138,0.8045,0.4861,0.03895,0.01502,0.000488
271,1.65G,0.02436,0.02011,0.001345,0.04582,84,416,0.7517,0.8384,0.7916,0.4753,0.04042,0.01514,0.0004786
272,1.65G,0.02452,0.02116,0.001865,0.04754,108,416,0.7855,0.8135,0.8024,0.4834,0.03939,0.01584,0.0005582
273,1.65G,0.02431,0.01992,0.001453,0.04569,81,416,0.7989,0.8557,0.8231,0.49,0.04033,0.0161,0.0002978
274,1.65G,0.02459,0.02019,0.001403,0.04619,102,416,0.7861,0.8127,0.7751,0.4834,0.0394,0.01544,0.0004081
275,1.65G,0.0244,0.01968,0.001253,0.04534,86,416,0.7869,0.8384,0.8021,0.4713,0.0414,0.01585,0.0003819
276,1.65G,0.02453,0.02028,0.001426,0.04623,96,416,0.8073,0.8712,0.8431,0.5022,0.04048,0.01546,0.000332
277,1.65G,0.02373,0.0201,0.001206,0.04504,106,416,0.8184,0.8022,0.8342,0.4938,0.04004,0.0157,0.0003126
278,1.65G,0.02449,0.02063,0.001439,0.04655,81,416,0.8012,0.8961,0.8594,0.4858,0.0405,0.01595,0.0002819
279,1.65G,0.02477,0.02058,0.001366,0.04672,95,416,0.8431,0.8461,0.8727,0.4946,0.03999,0.01549,0.0002798
280,1.65G,0.02444,0.01996,0.001665,0.04606,120,416,0.853,0.845,0.8495,0.4784,0.03906,0.01485,0.0003903
281,1.65G,0.02394,0.01981,0.001987,0.04574,83,416,0.7544,0.8383,0.7933,0.4814,0.04042,0.01533,0.0003656
282,1.65G,0.02382,0.02011,0.001232,0.04516,84,416,0.7812,0.8633,0.8212,0.466,0.04038,0.01558,0.0003633
283,1.65G,0.02455,0.02079,0.001332,0.04667,107,416,0.801,0.8618,0.826,0.5017,0.04004,0.01518,0.0003703
284,1.65G,0.02407,0.02017,0.001388,0.04563,107,416,0.8462,0.9135,0.8807,0.4901,0.0413,0.01564,0.000321
285,1.65G,0.02422,0.02022,0.00145,0.0459,85,416,0.8982,0.8728,0.8862,0.5046,0.04083,0.0153,0.00024
286,1.65G,0.02384,0.01978,0.001291,0.04492,83,416,0.8495,0.8711,0.8525,0.4827,0.03956,0.01564,0.0001784
287,1.65G,0.02381,0.01917,0.001252,0.04423,84,416,0.8608,0.9363,0.8868,0.4938,0.03801,0.01559,0.0002118
288,1.65G,0.0238,0.01977,0.00122,0.04479,90,416,0.8511,0.9037,0.8543,0.4895,0.039,0.01582,0.0002369
289,1.65G,0.0237,0.01966,0.001318,0.04468,80,416,0.8225,0.8708,0.8182,0.4738,0.03933,0.01574,0.0002273
290,1.65G,0.02397,0.02002,0.001486,0.04548,82,416,0.836,0.8308,0.8068,0.4762,0.04042,0.01608,0.0002338
291,1.65G,0.02416,0.02029,0.00131,0.04576,107,416,0.8218,0.8308,0.7937,0.4802,0.04067,0.01588,0.0002941
292,1.65G,0.02351,0.01968,0.001107,0.0443,72,416,0.8584,0.871,0.8332,0.4781,0.03953,0.01632,0.0004492
293,1.65G,0.02318,0.02001,0.00134,0.04453,108,416,0.8523,0.8712,0.8529,0.4833,0.04013,0.01606,0.0005305
294,1.65G,0.02342,0.01977,0.001497,0.04469,80,416,0.8251,0.9115,0.8633,0.5044,0.03925,0.01528,0.0003147
295,1.65G,0.02387,0.01965,0.001551,0.04506,84,416,0.7711,0.8633,0.8315,0.5023,0.0397,0.01557,0.0002699
296,1.65G,0.02412,0.02043,0.001494,0.04604,98,416,0.7929,0.8384,0.7975,0.4773,0.04073,0.01588,0.0002383
297,1.65G,0.02402,0.01962,0.001387,0.04503,86,416,0.7955,0.8807,0.8101,0.4617,0.04094,0.01635,0.0003243
298,1.65G,0.02341,0.01972,0.001261,0.04439,68,416,0.7886,0.8635,0.8063,0.4703,0.03985,0.0161,0.0001947
299,1.65G,0.02375,0.01964,0.001265,0.04466,70,416,0.8107,0.8885,0.829,0.4738,0.03935,0.01586,0.0001987
300,1.65G,0.02375,0.01954,0.001435,0.04473,71,416,0.7891,0.8635,0.8277,0.4839,0.03917,0.01668,0.0002285
301,1.65G,0.02335,0.01998,0.001457,0.04478,81,416,0.8321,0.8131,0.8144,0.4758,0.03887,0.01669,0.0002213
302,1.65G,0.02332,0.01981,0.001419,0.04454,82,416,0.7979,0.8788,0.8276,0.4927,0.03885,0.01597,0.0002308
303,1.65G,0.02351,0.01925,0.001458,0.04422,78,416,0.7704,0.8462,0.7946,0.4793,0.03797,0.01566,0.0002324
304,1.65G,0.02367,0.01933,0.001436,0.04443,86,416,0.8298,0.8863,0.8327,0.4871,0.03885,0.01556,0.000192
305,1.65G,0.02324,0.01994,0.001534,0.04472,66,416,0.8317,0.9192,0.856,0.4703,0.03906,0.01606,0.0001908
306,1.65G,0.02351,0.0197,0.001439,0.04465,104,416,0.8256,0.9038,0.8488,0.5044,0.03761,0.01562,0.0002404
307,1.65G,0.02319,0.01975,0.001222,0.04416,83,416,0.8665,0.9192,0.8625,0.5116,0.03817,0.01546,0.0003101
308,1.65G,0.02291,0.01931,0.001372,0.04359,75,416,0.8745,0.8789,0.8662,0.5029,0.0398,0.01536,0.0003213
309,1.65G,0.02305,0.01971,0.001265,0.04403,98,416,0.8363,0.8858,0.8706,0.4958,0.03945,0.01586,0.000275
310,1.65G,0.02324,0.01971,0.001197,0.04415,80,416,0.8105,0.8885,0.8579,0.4982,0.03861,0.01569,0.0003671
311,1.65G,0.02356,0.0192,0.001238,0.04401,60,416,0.8076,0.8635,0.8039,0.4848,0.04024,0.01592,0.0005
312,1.65G,0.02374,0.01979,0.001389,0.04493,90,416,0.7994,0.8626,0.809,0.472,0.04039,0.01612,0.0004233
313,1.65G,0.02305,0.01958,0.001457,0.04409,107,416,0.7733,0.8558,0.7962,0.4864,0.04003,0.01604,0.0004599
314,1.65G,0.02354,0.01936,0.001048,0.04395,86,416,0.7697,0.8558,0.7896,0.4758,0.0392,0.01606,0.0004493
315,1.65G,0.02275,0.01978,0.001114,0.04364,103,416,0.793,0.8557,0.7853,0.479,0.03989,0.01604,0.0004466
316,1.65G,0.02339,0.01933,0.001166,0.04388,92,416,0.7931,0.8681,0.8075,0.4804,0.03931,0.01622,0.0004593
317,1.65G,0.02314,0.01914,0.001699,0.04397,75,416,0.766,0.8634,0.8023,0.4773,0.03973,0.01614,0.00049
318,1.65G,0.02306,0.01962,0.001029,0.04371,93,416,0.7989,0.8665,0.8139,0.4882,0.03964,0.01565,0.0005317
319,1.65G,0.02303,0.02013,0.001008,0.04417,83,416,0.8093,0.8973,0.8099,0.4708,0.03815,0.01552,0.0007753
320,1.65G,0.02267,0.01961,0.001531,0.04382,73,416,0.8629,0.8788,0.8454,0.4894,0.03753,0.01559,0.0005031
321,1.65G,0.02314,0.01912,0.00125,0.04351,96,416,0.8502,0.9353,0.8746,0.4776,0.03776,0.01543,0.0003152
322,1.65G,0.02313,0.01947,0.001086,0.04369,93,416,0.8955,0.8885,0.8985,0.4952,0.03764,0.01558,0.0003412
323,1.65G,0.02261,0.01932,0.001533,0.04346,99,416,0.8735,0.8801,0.8737,0.4894,0.03857,0.01516,0.0005546
324,1.65G,0.02288,0.01898,0.001264,0.04312,69,416,0.8143,0.8961,0.8414,0.4749,0.03907,0.01594,0.0005183
325,1.65G,0.02283,0.01922,0.001277,0.04332,95,416,0.8832,0.8731,0.8745,0.4768,0.038,0.01583,0.0007315
326,1.65G,0.02288,0.01945,0.001306,0.04364,84,416,0.8643,0.9442,0.8889,0.4987,0.03806,0.01535,0.0004416
327,1.65G,0.02297,0.01915,0.001435,0.04356,76,416,0.8564,0.9288,0.8886,0.4968,0.03948,0.01539,0.0004543
328,1.65G,0.02283,0.01932,0.00108,0.04323,93,416,0.8685,0.8789,0.8782,0.5147,0.03796,0.01497,0.000388
329,1.65G,0.02244,0.01953,0.000864,0.04284,101,416,0.8533,0.9192,0.855,0.515,0.0372,0.01463,0.0005138
330,1.65G,0.0221,0.019,0.001543,0.04264,73,416,0.8448,0.9013,0.8523,0.505,0.03811,0.01525,0.0006257
331,1.65G,0.02293,0.01892,0.001258,0.0431,91,416,0.8197,0.8712,0.8278,0.4933,0.03918,0.01503,0.0006731
332,1.65G,0.0225,0.0188,0.001226,0.04253,87,416,0.8149,0.8642,0.8208,0.4966,0.03883,0.01516,0.0007152
333,1.65G,0.02227,0.0192,0.001016,0.04249,72,416,0.8003,0.8406,0.7832,0.4804,0.03819,0.01542,0.0008218
334,1.65G,0.02217,0.01932,0.001066,0.04256,68,416,0.7882,0.8308,0.7794,0.495,0.03781,0.01549,0.0006352
335,1.65G,0.02269,0.0187,0.0009187,0.04231,84,416,0.8129,0.8558,0.8081,0.4989,0.03828,0.01544,0.0005986
336,1.65G,0.02242,0.01864,0.001123,0.04218,72,416,0.8083,0.8635,0.7993,0.4891,0.03916,0.01624,0.0006616
337,1.65G,0.02265,0.01868,0.001157,0.04249,79,416,0.7975,0.8384,0.7731,0.4924,0.03852,0.01612,0.0007879
338,1.65G,0.02295,0.0186,0.001305,0.04285,84,416,0.8283,0.8808,0.8184,0.4933,0.03929,0.01572,0.0005633
339,1.65G,0.02265,0.01891,0.001332,0.04289,99,416,0.8278,0.8808,0.8223,0.4902,0.0394,0.01579,0.0006471
340,1.65G,0.02221,0.01918,0.001053,0.04244,97,416,0.7949,0.8553,0.7775,0.473,0.03997,0.01594,0.0005597
341,1.65G,0.02274,0.01888,0.001085,0.0427,99,416,0.8422,0.9038,0.8336,0.4833,0.04006,0.0157,0.0004705
342,1.65G,0.02196,0.0192,0.001027,0.04219,88,416,0.8306,0.896,0.827,0.4856,0.03937,0.01556,0.000446
343,1.65G,0.02211,0.01845,0.001009,0.04157,75,416,0.8178,0.9038,0.8315,0.4869,0.03914,0.01516,0.0005454
344,1.65G,0.02187,0.01899,0.001017,0.04188,114,416,0.8103,0.8711,0.8271,0.4932,0.03978,0.01544,0.0004329
345,1.65G,0.02198,0.01877,0.001147,0.0419,70,416,0.7954,0.8707,0.8296,0.5084,0.03911,0.01532,0.0005701
346,1.65G,0.02209,0.0185,0.001168,0.04175,84,416,0.8315,0.8962,0.8548,0.507,0.0386,0.01536,0.0004849
347,1.65G,0.02239,0.01883,0.00135,0.04257,88,416,0.8061,0.9115,0.8627,0.5136,0.03837,0.01593,0.0004117
348,1.65G,0.02216,0.01956,0.0008966,0.04262,73,416,0.7826,0.8865,0.8291,0.5111,0.03862,0.01614,0.0005346
349,1.65G,0.02209,0.0191,0.001473,0.04267,101,416,0.8605,0.866,0.8551,0.5086,0.03835,0.0155,0.0005278
350,1.65G,0.02173,0.01835,0.001353,0.04143,97,416,0.8275,0.9036,0.8474,0.5011,0.03839,0.01588,0.0006437
351,1.65G,0.02195,0.01878,0.001147,0.04188,91,416,0.8015,0.8865,0.8248,0.4799,0.0387,0.01589,0.0007142
352,1.65G,0.02183,0.01952,0.001157,0.04251,82,416,0.8694,0.8824,0.8634,0.4912,0.03872,0.0156,0.0006456
353,1.65G,0.02205,0.01888,0.001188,0.04212,85,416,0.8147,0.8942,0.8469,0.4857,0.03914,0.0159,0.0003083
354,1.65G,0.0223,0.01854,0.001236,0.04207,83,416,0.8536,0.8462,0.8551,0.4941,0.03926,0.01587,0.0002886
355,1.65G,0.0223,0.01869,0.0009494,0.04194,112,416,0.8191,0.846,0.8227,0.4895,0.03944,0.01583,0.0003552
356,1.65G,0.02193,0.01897,0.001173,0.04207,85,416,0.8139,0.9115,0.8524,0.4847,0.03966,0.01572,0.0004439
357,1.65G,0.02186,0.01894,0.001299,0.0421,93,416,0.8102,0.9114,0.8461,0.4941,0.03834,0.01538,0.000402
358,1.65G,0.02198,0.01888,0.001103,0.04197,81,416,0.8383,0.8288,0.8241,0.4895,0.03814,0.01542,0.0003689
359,1.65G,0.02207,0.01869,0.001298,0.04206,64,416,0.8316,0.8288,0.8276,0.4947,0.03754,0.01563,0.000415
360,1.65G,0.02215,0.01902,0.001258,0.04242,113,416,0.8194,0.8537,0.8223,0.499,0.03775,0.01554,0.0003872
361,1.65G,0.0221,0.01834,0.0009845,0.04143,78,416,0.7808,0.8836,0.8086,0.4905,0.03824,0.01588,0.0003117
362,1.65G,0.02205,0.01895,0.00118,0.04218,75,416,0.8442,0.8288,0.8255,0.4832,0.03918,0.01613,0.0002688
363,1.65G,0.0217,0.01841,0.001006,0.04111,88,416,0.8458,0.8212,0.8185,0.4804,0.03807,0.01628,0.0002289
364,1.65G,0.02195,0.01862,0.00101,0.04158,66,416,0.8613,0.846,0.8549,0.5026,0.03737,0.01598,0.0001834
365,1.65G,0.02126,0.0187,0.0009634,0.04092,88,416,0.8074,0.8692,0.8269,0.4874,0.03764,0.01567,0.0002152
366,1.65G,0.02199,0.01856,0.001003,0.04154,85,416,0.8697,0.8421,0.8546,0.5036,0.03737,0.01508,0.0002953
367,1.65G,0.0215,0.01857,0.001027,0.0411,108,416,0.7904,0.9191,0.8432,0.505,0.03765,0.01507,0.0002843
368,1.65G,0.0217,0.01836,0.001101,0.04116,65,416,0.7933,0.8485,0.8189,0.4963,0.03854,0.01498,0.000241
369,1.65G,0.02103,0.01831,0.0008188,0.04015,88,416,0.7742,0.8821,0.8339,0.4966,0.03849,0.01521,0.0003056
370,1.65G,0.021,0.01859,0.000963,0.04055,70,416,0.7809,0.8846,0.8129,0.4926,0.0385,0.01532,0.0003574
371,1.65G,0.0216,0.0185,0.001028,0.04113,111,416,0.7915,0.9038,0.8294,0.4956,0.0389,0.01556,0.0004422
372,1.65G,0.02134,0.01881,0.0009214,0.04107,103,416,0.8305,0.8634,0.8443,0.4988,0.03965,0.01551,0.0003186
373,1.65G,0.02183,0.01791,0.0009559,0.04069,77,416,0.8129,0.8382,0.8002,0.501,0.03995,0.01516,0.0003094
374,1.65G,0.02193,0.01817,0.00114,0.04124,78,416,0.8151,0.8381,0.8011,0.497,0.03963,0.01509,0.0003346
375,1.65G,0.02175,0.01858,0.00113,0.04146,86,416,0.8107,0.8538,0.8186,0.4951,0.03929,0.01518,0.0003195
376,1.65G,0.02114,0.01821,0.001035,0.04039,111,416,0.7722,0.8788,0.8104,0.4903,0.03922,0.01508,0.0003851
377,1.65G,0.02123,0.01863,0.0009306,0.04079,75,416,0.7648,0.8711,0.8204,0.4772,0.03976,0.01568,0.0003803
378,1.65G,0.02115,0.01821,0.0009476,0.04031,97,416,0.7628,0.871,0.8091,0.4782,0.04035,0.01572,0.0004041
379,1.65G,0.02134,0.01883,0.0008526,0.04102,100,416,0.8536,0.7827,0.8247,0.4801,0.04036,0.01593,0.0003372
380,1.65G,0.02151,0.01831,0.000936,0.04075,101,416,0.8177,0.8461,0.8173,0.4703,0.03956,0.0159,0.0003023
381,1.65G,0.02095,0.0175,0.001249,0.0397,96,416,0.8146,0.8462,0.8087,0.4753,0.03959,0.01561,0.000307
382,1.65G,0.02134,0.01852,0.001069,0.04093,87,416,0.808,0.8385,0.8025,0.476,0.03957,0.01554,0.0004302
383,1.65G,0.02116,0.01778,0.0008166,0.03976,79,416,0.8307,0.849,0.7996,0.4681,0.03958,0.01571,0.0005123
384,1.65G,0.02157,0.01807,0.001171,0.04081,68,416,0.8392,0.8538,0.8127,0.4793,0.03956,0.0156,0.0004584
385,1.65G,0.02155,0.01838,0.001048,0.04098,77,416,0.8216,0.8538,0.8035,0.4874,0.03933,0.01554,0.0004863
386,1.65G,0.02112,0.01743,0.001046,0.03959,71,416,0.7955,0.8788,0.8109,0.4863,0.03963,0.01527,0.0006113
387,1.65G,0.02089,0.01807,0.0009439,0.03991,84,416,0.8119,0.8788,0.7988,0.4851,0.03909,0.01527,0.0006815
388,1.65G,0.0211,0.01848,0.001118,0.04069,86,416,0.8257,0.8865,0.804,0.4872,0.03826,0.01507,0.0007583
389,1.65G,0.02104,0.01795,0.0008877,0.03988,83,416,0.8404,0.8516,0.8091,0.4856,0.03869,0.01528,0.00054
390,1.65G,0.02115,0.01798,0.0009039,0.04004,77,416,0.8696,0.8712,0.8461,0.4911,0.03851,0.0154,0.0004228
391,1.65G,0.02114,0.01804,0.0007377,0.03992,98,416,0.8593,0.8788,0.8384,0.4833,0.03836,0.0155,0.0003635
392,1.65G,0.02111,0.0179,0.001013,0.04002,101,416,0.8169,0.8538,0.8052,0.4849,0.03791,0.01547,0.0004176
393,1.65G,0.02092,0.01861,0.000875,0.0404,86,416,0.8161,0.8538,0.7863,0.483,0.0375,0.01521,0.0004213
394,1.65G,0.02095,0.01831,0.0009983,0.04026,94,416,0.8249,0.8384,0.7874,0.4796,0.03771,0.01533,0.0004436
395,1.65G,0.02087,0.01788,0.0008323,0.03958,81,416,0.8377,0.8538,0.8129,0.4806,0.03776,0.0155,0.0006071
396,1.65G,0.02101,0.01803,0.0008326,0.03988,82,416,0.7955,0.8788,0.7989,0.4731,0.03887,0.01576,0.0007143
397,1.65G,0.02054,0.01797,0.001019,0.03952,87,416,0.8269,0.8461,0.8032,0.4845,0.03852,0.01565,0.0006114
398,1.65G,0.02101,0.0177,0.0007081,0.03942,89,416,0.8042,0.8865,0.8132,0.4813,0.03893,0.01569,0.0006979
399,1.65G,0.02065,0.01798,0.0008508,0.03948,94,416,0.8052,0.8711,0.8003,0.4886,0.03929,0.01558,0.0005902
400,1.65G,0.02137,0.01831,0.0009402,0.04062,95,416,0.7893,0.8712,0.7879,0.4851,0.03794,0.0158,0.0004425
401,1.65G,0.0209,0.0176,0.0009574,0.03946,88,416,0.789,0.8712,0.7905,0.4808,0.03837,0.01603,0.000369
402,1.65G,0.02087,0.01867,0.0009859,0.04052,126,416,0.7882,0.8711,0.8008,0.4794,0.03872,0.01623,0.0003604
403,1.65G,0.0209,0.01792,0.001028,0.03985,79,416,0.8027,0.8712,0.8106,0.4824,0.03895,0.01606,0.0003965
404,1.65G,0.02074,0.018,0.001356,0.04009,82,416,0.809,0.8754,0.8258,0.4828,0.03861,0.01601,0.00048
405,1.65G,0.02071,0.01777,0.001177,0.03965,78,416,0.8086,0.8736,0.8234,0.4794,0.03886,0.01623,0.0004218
406,1.65G,0.02077,0.01798,0.0008192,0.03956,90,416,0.8018,0.8788,0.8249,0.48,0.03916,0.01641,0.0004028
407,1.65G,0.02094,0.01759,0.0007527,0.03928,116,416,0.8086,0.8735,0.8289,0.4866,0.03891,0.01658,0.0004031
408,1.65G,0.0207,0.01774,0.001076,0.03952,97,416,0.808,0.8788,0.8139,0.4851,0.03858,0.01665,0.0004375
409,1.65G,0.02026,0.01785,0.001032,0.03915,86,416,0.8171,0.8496,0.7988,0.4791,0.03798,0.01651,0.0004403
410,1.65G,0.02089,0.01789,0.0007941,0.03957,80,416,0.8174,0.8537,0.791,0.4709,0.03765,0.01645,0.0003896
411,1.65G,0.02072,0.01791,0.0009557,0.03958,86,416,0.8251,0.8609,0.8073,0.4828,0.0379,0.01649,0.0003559
412,1.65G,0.02071,0.0177,0.001315,0.03973,68,416,0.8241,0.8615,0.8126,0.4899,0.03856,0.01635,0.0003167
413,1.65G,0.02061,0.01802,0.001039,0.03968,114,416,0.8235,0.8615,0.819,0.4991,0.0385,0.01608,0.0002628
414,1.65G,0.02054,0.01787,0.0008838,0.0393,92,416,0.8025,0.8865,0.8235,0.4962,0.03832,0.01606,0.0002562
415,1.65G,0.02087,0.0176,0.001049,0.03952,112,416,0.7761,0.8788,0.8208,0.4928,0.03863,0.01611,0.0002857
416,1.65G,0.02092,0.01817,0.0009531,0.04004,99,416,0.8071,0.8133,0.8119,0.4708,0.03875,0.01609,0.0003112
417,1.65G,0.02048,0.01759,0.0008326,0.03891,95,416,0.7936,0.8538,0.8238,0.4874,0.03809,0.01617,0.000311
418,1.65G,0.02044,0.01722,0.0007402,0.0384,65,416,0.8145,0.8538,0.8353,0.4907,0.03823,0.01586,0.0002986
419,1.65G,0.02066,0.01821,0.0007726,0.03964,90,416,0.8388,0.8462,0.8197,0.4869,0.03866,0.01558,0.0002663
420,1.65G,0.02061,0.01755,0.0006805,0.03884,108,416,0.8185,0.8461,0.807,0.4817,0.03898,0.01582,0.0002704
421,1.65G,0.02025,0.01739,0.0008464,0.03849,74,416,0.8035,0.8615,0.8148,0.4777,0.03863,0.01587,0.0003005
422,1.65G,0.02002,0.01714,0.0007269,0.03789,69,416,0.8001,0.8538,0.7961,0.4815,0.03883,0.01577,0.0003221
423,1.65G,0.02047,0.01749,0.0009593,0.03891,82,416,0.8035,0.8615,0.8102,0.4828,0.03861,0.01555,0.000329
424,1.65G,0.02033,0.01743,0.0006586,0.03842,87,416,0.8029,0.8615,0.8125,0.4881,0.03857,0.01571,0.0003449
425,1.65G,0.02016,0.01755,0.0009078,0.03862,81,416,0.8547,0.8538,0.839,0.4925,0.03842,0.0157,0.0003147
426,1.65G,0.02026,0.01718,0.001033,0.03847,85,416,0.8091,0.8931,0.8162,0.4876,0.03852,0.01576,0.000311
427,1.65G,0.02054,0.01734,0.0009925,0.03888,94,416,0.8033,0.8864,0.8138,0.4885,0.03856,0.01577,0.0003358
428,1.65G,0.02008,0.01765,0.0008236,0.03855,96,416,0.8051,0.8865,0.8103,0.494,0.03881,0.01581,0.0003533
429,1.65G,0.01991,0.01768,0.0008717,0.03846,102,416,0.8282,0.9115,0.8434,0.4864,0.03855,0.01594,0.0003822
430,1.65G,0.02023,0.01768,0.0006839,0.0386,105,416,0.8249,0.9115,0.8536,0.4918,0.03813,0.01583,0.0003905
431,1.65G,0.01996,0.01773,0.0009069,0.03861,69,416,0.8312,0.9038,0.8282,0.4891,0.03838,0.01586,0.0004142
432,1.65G,0.02001,0.01736,0.0006941,0.03807,109,416,0.8281,0.9038,0.8176,0.4859,0.03843,0.01563,0.0005025
433,1.65G,0.01988,0.01772,0.0007346,0.03833,100,416,0.8058,0.8787,0.793,0.4843,0.03828,0.01575,0.000548
434,1.65G,0.02002,0.01685,0.0008218,0.03769,86,416,0.81,0.8514,0.8007,0.4901,0.03862,0.01593,0.0005201
435,1.65G,0.0199,0.01722,0.0006243,0.03775,85,416,0.8235,0.8212,0.7905,0.4857,0.03881,0.01586,0.0005539
436,1.65G,0.02005,0.01718,0.0008334,0.03805,85,416,0.8306,0.821,0.8027,0.4856,0.03909,0.01617,0.0005609
437,1.65G,0.02027,0.01781,0.0009169,0.039,101,416,0.8237,0.8171,0.8121,0.4888,0.03926,0.01616,0.0006055
438,1.65G,0.0203,0.01712,0.0007475,0.03817,82,416,0.8324,0.8209,0.8049,0.4838,0.03908,0.01613,0.0005978
439,1.65G,0.01989,0.01763,0.0006974,0.03822,110,416,0.8168,0.8538,0.8184,0.4857,0.03916,0.01616,0.0006217
440,1.65G,0.01995,0.01697,0.001098,0.03802,85,416,0.8169,0.8483,0.7994,0.483,0.03951,0.01607,0.0006589
441,1.65G,0.02022,0.01738,0.0009523,0.03855,92,416,0.801,0.8788,0.8115,0.4794,0.03942,0.01603,0.0005497
442,1.65G,0.01987,0.01768,0.000773,0.03833,86,416,0.8378,0.8482,0.8359,0.493,0.03957,0.016,0.0006084
443,1.65G,0.02019,0.0174,0.0008765,0.03847,84,416,0.8309,0.8538,0.8166,0.4919,0.03964,0.01578,0.0007074
444,1.65G,0.02008,0.01756,0.0009857,0.03862,102,416,0.8064,0.8787,0.8096,0.4901,0.03923,0.01597,0.0006897
445,1.65G,0.01985,0.01693,0.001104,0.03789,86,416,0.8126,0.8865,0.8154,0.4914,0.03872,0.01576,0.000634
446,1.65G,0.02005,0.01702,0.0008057,0.03788,65,416,0.8041,0.8788,0.7887,0.4893,0.03868,0.01575,0.0005933
447,1.65G,0.02024,0.01726,0.0007993,0.0383,89,416,0.8059,0.8788,0.797,0.4882,0.03887,0.01585,0.0006152
448,1.65G,0.02039,0.01718,0.001034,0.03861,89,416,0.8058,0.8788,0.8042,0.4844,0.039,0.0158,0.0006084
449,1.65G,0.01961,0.01677,0.0008495,0.03723,92,416,0.8053,0.8788,0.7926,0.4829,0.03877,0.01549,0.000548
450,1.65G,0.02002,0.01733,0.001095,0.03844,90,416,0.8109,0.8865,0.8066,0.4902,0.03882,0.0157,0.0004828
451,1.65G,0.02018,0.0169,0.001115,0.0382,93,416,0.8278,0.8461,0.7995,0.4853,0.03895,0.01608,0.000438
452,1.65G,0.01964,0.01682,0.0008267,0.03728,97,416,0.831,0.8461,0.8119,0.4838,0.03907,0.01617,0.0004278
453,1.65G,0.01968,0.01734,0.0007616,0.03778,97,416,0.8306,0.8462,0.8075,0.4771,0.03885,0.01605,0.0004531
454,1.65G,0.01971,0.01707,0.0008511,0.03763,81,416,0.8362,0.8537,0.8273,0.4812,0.0389,0.01606,0.0005318
455,1.65G,0.01999,0.01756,0.0009451,0.03849,83,416,0.832,0.8538,0.8328,0.4852,0.03882,0.01638,0.0006062
456,1.65G,0.02006,0.01698,0.0008395,0.03789,90,416,0.8382,0.8537,0.835,0.4841,0.03901,0.01659,0.0006397
457,1.65G,0.01968,0.01722,0.0008704,0.03777,82,416,0.8294,0.8461,0.8134,0.4888,0.03888,0.0164,0.0007173
458,1.65G,0.01993,0.01701,0.001194,0.03813,88,416,0.8291,0.8462,0.8259,0.4969,0.03891,0.01622,0.0007258
459,1.65G,0.01958,0.01731,0.001024,0.03791,71,416,0.8308,0.8461,0.815,0.4995,0.03898,0.016,0.0007857
460,1.65G,0.01958,0.01732,0.0008348,0.03773,66,416,0.8214,0.8308,0.8123,0.5012,0.03938,0.01582,0.0006934
461,1.65G,0.01959,0.01673,0.001046,0.03737,98,416,0.7866,0.8765,0.8156,0.5089,0.03914,0.01573,0.0006719
462,1.65G,0.02003,0.01736,0.0009596,0.03835,99,416,0.8223,0.8385,0.8147,0.5028,0.03915,0.0157,0.0007558
463,1.65G,0.01967,0.01639,0.0007673,0.03682,80,416,0.8191,0.846,0.817,0.5001,0.03894,0.016,0.0008243
464,1.65G,0.01968,0.01746,0.0007786,0.03792,119,416,0.8248,0.8576,0.8232,0.4945,0.03863,0.01609,0.0008318
465,1.65G,0.01984,0.01699,0.000669,0.03751,90,416,0.8249,0.858,0.8178,0.4938,0.03866,0.01597,0.0008024
466,1.65G,0.01947,0.01681,0.0008551,0.03713,72,416,0.8245,0.8545,0.8194,0.4907,0.03859,0.01588,0.0007704
467,1.65G,0.01977,0.0173,0.00073,0.0378,109,416,0.8246,0.8545,0.8206,0.4953,0.0386,0.01579,0.0008384
468,1.65G,0.01976,0.01701,0.0006947,0.03747,86,416,0.809,0.8615,0.8287,0.4936,0.03871,0.01586,0.0009113
469,1.65G,0.01975,0.01704,0.0006991,0.03748,75,416,0.8092,0.8615,0.8222,0.4958,0.0389,0.01573,0.0008646
470,1.65G,0.01964,0.01636,0.001041,0.03704,95,416,0.7982,0.8538,0.8134,0.4826,0.03911,0.01568,0.0009072
471,1.65G,0.01965,0.01698,0.0008568,0.03749,66,416,0.7993,0.8538,0.8174,0.4817,0.03929,0.01588,0.0009012
472,1.65G,0.01959,0.01711,0.0007327,0.03744,69,416,0.817,0.8487,0.816,0.4856,0.03939,0.01587,0.0008356
473,1.65G,0.01938,0.01707,0.0008096,0.03726,75,416,0.8198,0.8462,0.816,0.4869,0.0394,0.01589,0.000855
474,1.65G,0.01998,0.01684,0.000996,0.03782,112,416,0.8208,0.846,0.8318,0.4889,0.03937,0.01586,0.0009756
475,1.65G,0.01956,0.01727,0.0007762,0.03761,83,416,0.8238,0.846,0.8243,0.4883,0.03951,0.01577,0.001025
476,1.65G,0.01951,0.01673,0.0008828,0.03712,71,416,0.8203,0.8462,0.8179,0.4842,0.03966,0.0159,0.0009995
477,1.65G,0.01951,0.01713,0.0005759,0.03722,101,416,0.8427,0.8712,0.8353,0.4817,0.03972,0.01606,0.000907
478,1.65G,0.01947,0.017,0.000848,0.03732,92,416,0.8462,0.8712,0.8366,0.4895,0.03946,0.01584,0.0008309
479,1.65G,0.01918,0.01695,0.0009069,0.03704,88,416,0.8463,0.8712,0.8324,0.5007,0.03931,0.01573,0.000804
480,1.65G,0.01915,0.01666,0.0005573,0.03637,84,416,0.8463,0.8711,0.8321,0.4992,0.03909,0.01572,0.0008516
481,1.65G,0.01949,0.01742,0.000798,0.03771,83,416,0.8234,0.8462,0.8005,0.497,0.03917,0.01574,0.0009416
482,1.65G,0.01896,0.01685,0.0008775,0.03669,93,416,0.8224,0.8384,0.7979,0.4956,0.0392,0.01603,0.00104
483,1.65G,0.01949,0.017,0.00092,0.03741,73,416,0.8153,0.8385,0.804,0.4872,0.03922,0.01627,0.001054
484,1.65G,0.01934,0.01693,0.0009758,0.03724,90,416,0.8153,0.8385,0.8037,0.4871,0.03895,0.01627,0.001059
485,1.65G,0.01944,0.01716,0.000823,0.03742,98,416,0.816,0.8397,0.8118,0.4897,0.03872,0.01608,0.0009933
486,1.65G,0.01952,0.01673,0.000661,0.03691,73,416,0.8163,0.8416,0.8101,0.4954,0.0385,0.01601,0.000989
487,1.65G,0.01973,0.01718,0.0008761,0.03779,72,416,0.8165,0.8431,0.8138,0.4946,0.03859,0.01591,0.0009363
488,1.65G,0.01979,0.01699,0.0008277,0.03761,84,416,0.8119,0.8385,0.8149,0.4896,0.03872,0.01585,0.0008528
489,1.65G,0.01958,0.01712,0.0007089,0.03742,84,416,0.8167,0.8537,0.8155,0.494,0.03871,0.01585,0.000781
490,1.65G,0.01962,0.01642,0.0007298,0.03678,79,416,0.8092,0.8462,0.8087,0.4982,0.03895,0.01579,0.0006865
491,1.65G,0.01929,0.01706,0.0007829,0.03713,89,416,0.8098,0.8461,0.8076,0.4944,0.03925,0.01583,0.0006811
492,1.65G,0.01952,0.01716,0.000686,0.03737,81,416,0.8096,0.8447,0.8073,0.4951,0.03941,0.01594,0.0007087
493,1.65G,0.01861,0.01666,0.0006473,0.03592,81,416,0.833,0.8788,0.8324,0.4972,0.0393,0.01597,0.0006899
494,1.65G,0.01953,0.01734,0.0008963,0.03777,96,416,0.8331,0.8745,0.8285,0.4899,0.03923,0.01609,0.0007325
495,1.65G,0.01932,0.01648,0.0006078,0.03641,73,416,0.84,0.8768,0.8273,0.4887,0.03945,0.01599,0.0008332
496,1.65G,0.01944,0.01727,0.0004945,0.0372,112,416,0.8401,0.8776,0.8319,0.4952,0.0393,0.016,0.0009855
497,1.65G,0.01937,0.01662,0.0006209,0.03662,72,416,0.8393,0.8788,0.8305,0.4935,0.03888,0.01593,0.001047
498,1.65G,0.0191,0.01696,0.0008089,0.03686,84,416,0.8381,0.8788,0.8272,0.4921,0.03885,0.01589,0.001037
499,1.65G,0.0196,0.01648,0.0008722,0.03695,66,416,0.8392,0.8788,0.8312,0.494,0.03885,0.01586,0.001033